{"0": {"preds": [1.0]}, "1": {"preds": [1.0]}, "2": {"preds": [1.0]}, "3": {"preds": [1.0]}, "4": {"preds": [1.0]}, "test": {"preds": [1], "probs": [[0.0024064790923148394, 0.9973974227905273, 0.00019609039009083062]]}}