{"acc": 0.8518518805503845, "precision": 0.8523505217716442, "recall": 0.8325258919308611, "f1_score": 0.8416857387445623, "balanced_accuracy": 0.8325258919308611}